label,
21st century,
abi,
ability,
abs,
absence,
abundance,y
academia,
academic,
academic literature,
acceptability,
acceptance,
access,
accessibility,
accordance,
account,
accounting,
accretion rate,y
accumulation,y
accuracy,
achievement,
act,
action,
actionable insight,
active outdoor play,y
activity,y
activity level,y
actor,
adaptability,y
adaptation,y
adaptation action,
adaptation measure,
adaptation option,
adaptation planning,
adaptation project,
adaptation strategy,
adaptive capacity,
adaptive governance,
adaptive management,
adaptive strategy,
addition,y
additional benefit,y
additionality,y
address,
adhd,
adherence,
adjustment,
adolescent,
adoption,
adsorption,y
adult,
advance,
advancement,
advantage,
adverse effect,y
adverse impact,y
advocacy,
advocate,
aesthetic,y
af model,
afforestation,y
africa,
african city,y
age,
agency,
agenda,
agent,
aggregate stability,
agitation,
agreement,
agricultural catchment,y
agricultural land,y
agricultural landscape,y
agricultural production,y
agricultural productivity,y
agricultural sector,y
agricultural soil,y
agricultural stream,y
agricultural system,y
agriculture,y
agroecology,y
agroecosystem,y
agroforestry,y
ags,
ahp,
aid,
aim,
air,y
air pollutant,y
air pollution,y
air quality,y
air temperature,y
albedo,y
alfs,
algae,y
algorithm,
alignment,
alliance,
allocation,
allotment garden,y
alps,
alteration,
alternative,
alternative approach,
alternative solution,
ambient temperature,y
ambiguity,
ambition,
amman,
amount,
amr,
analgesic effect,y
analysis,
analytical framework,
animal,
answer,
anthropocene,y
anthropogenic climate change,y
anthropogenic pressure,y
antibiotic,y
antimicrobial resistance,y
anxiety,y
anxiety level,y
aocs,
aotearoa new zealand,y
apa psycinfo,
applicability,
application,
applied,
appraisal,
appreciation,
approach,
approaches,
appropriation,
april,
aquaculture,y
aquaculture pond,y
aquatic ecosystem,y
aquatic environment,y
aquatic nature,y
aquifer,y
aquifer recharge,y
architect,
architecture,
area,
argentina,y
args,
argument,
arid,y
arid region,y
array,
arsenic,y
art,
art review,
arthritis,
article,
artificial intelligence,
artificial rockpool,y
artificial structure,y
asia,y
aspect,
aspiration,
assess,
assessment,
assessment framework,
assessment tool,
asset,
assisted living facility,
associated ecosystem service,y
association,
assumption,
atmosphere,y
atmospheric co2,y
attempt,
attention,
attenuation,y
attitude,
attribute,
august,
australia,y
austria,y
author,
authority,
authors,
autism,
availability,
available data,
avenue,
average,
awareness,
backdrop,
background,
bacterium,y
balance,
bamboo,y
bangkok,y
bangladesh,y
bank,y
bank erosion,y
bar,
barcelona,y
barrier,y
barriers,y
baseline,
basin,y
basis,
bay,y
bayesian belief network,
beach,y
beach nourishment,y
beaver,y
bed,y
behalf,
behavior,
behaviour,
beijing,y
belgium,y
belgrade,y
belief,y
beneficial effect,y
beneficiary,
benefit,
benthic community,y
berlin,y
best practice,
beta,
better management,
better understanding,
bgi,
bhojtal,y
bhutan,y
bias,
bibliographic database,
bibliometric analysis,
bibliometric review,
bio swale,y
bioavailability,y
biochar,y
biocrust,y
biodegradation,y
biodiversity,y
biodiversity benefit,y
biodiversity conservation,y
biodiversity crisis,
biodiversity enhancement,y
biodiversity goal,
biodiversity loss,y
biodiversity outcome,y
biodiversity protection,y
bioeconomy,
bioenergy,y
biofilm,y
biogeomorphology,y
bioindicator,
biological control,y
biological diversity,y
biological invasion,y
biomarker,y
biomass,y
biomimicry,y
biophilic design,
bioremediation,y
bioretention,y
bioretention system,y
biosorption,y
bioswale,y
bird,y
block,
blood pressure,
blue carbon,y
blue carbon ecosystem,y
blue care,y
blue green infrastructure,y
blue green space,y
blue infrastructure,y
blue space,y
body,
bofedale,y
botanical garden,y
bottleneck,
bottom,y
bottom water,y
boundary,
brain injury,
brazil,y
breakwater,y
bridge,y
bright spot,y
britain,y
broad range,
broader implementation,
broader range,
brownfield,y
brownfield redevelopment,y
budget,
buenos aires,y
building,
bundle,
burden,y
burnout,y
business,
business model,
c sequestration,y
cadmium,y
cagliari,y
california,y
call,
campus,y
canada,y
cancer,y
capability,
capacity,
capacity building,
cape town,y
capital,
carbamazepine,y
carbon,y
carbon balance,y
carbon dioxide removal,y
carbon emission,y
carbon footprint,
carbon market,
carbon mitigation,y
carbon neutrality,
carbon offset,y
carbon removal,y
carbon sequestration,y
carbon sequestration potential,y
carbon sink,y
carbon stock,y
carbon storage,y
care,
care farming,
caregiver,
caribbean,y
case,
case study,
case study area,
catalyst,
catania,
catchment,y
catchment scale,
category,
cause,
caution,
cba,
cc by license,
cc by nc nd license,
cca,
cdw,
center,
central,
century,
ces,
challenge,
challenge orientation,
challenges,
change,
channel,
characteristic,
characterization,
chemical,y
chemical oxygen demand,
child,
chile,
china,y
chinese city,y
choice,
choice experiment,
chongqing,y
chromium,y
cinahl,
circular city,
circular economy,
circularity,
citespace,
citizen,
citizen engagement,
citizen participation,
citizen science,
citizen science initiative,
citizens perception,
city,
city resident,
civil engineering,
claim,
clarity,
class,
classification,
classification scheme,
clean water,y
climate,
climate action,
climate adaptation,y
climate adaptation planning,
climate adaptation strategy,
climate benefit,y
climate change,
climate change adaptation,
climate change adaptation strategy,
climate change challenge,
climate change impact,y
climate change mitigation,y
climate change mitigation potential,y
climate change resilience,y
climate change scenario,
climate change solution,y
climate change uncertainty,
climate condition,y
climate crisis,y
climate emergency,y
climate hazard,y
climate justice,y
climate mitigation,y
climate policy,
climate resilience,y
climate resilient city,y
climate resilient development,y
climate risk,
climate smart agriculture,y
climate solution,y
climate variability,y
climatic change,y
climatic condition,y
clinical trial,
clinicaltrials gov,
clinician,
cloud,
cluster,
cm depth,y
cm year,y
co benefit,
co concept,
co creation,
co creation process,
co design,
co production,
co2,y
co2 emission,y
co2 sequestration,y
coast,y
coastal,y
coastal adaptation,y
coastal area,y
coastal city,y
coastal community,y
coastal defence,y
coastal development,y
coastal dune,y
coastal dune restoration,y
coastal ecosystem,y
coastal engineering,
coastal environment,y
coastal erosion,y
coastal erosion protection,y
coastal flood risk,y
coastal flood risk management,y
coastal flooding,y
coastal habitat,y
coastal hazard,y
coastal infrastructure,y
coastal lagoon,y
coastal landform,y
coastal management,
coastal manager,
coastal nature,y
coastal protection,y
coastal protection measure,
coastal region,
coastal resilience,y
coastal restoration,y
coastal risk,y
coastal risk management,y
coastal vegetation,y
coastal water,y
coastal wetland,y
coastal zone,y
coastline,
cochrane library,
cod,
coffee,
cognitive performance,y
collaboration,
collaborative approach,
collaborative arrangement,
collaborative governance,
collaborative governance arrangement,
collaborative planning,
collection,
collective action,
college student,
colombia,
combination,
comfort,
commentary,
commitment,
common understanding,
communication,
communication measure,
communities,
community,
community acceptance,
community engagement,
community garden,
community level,
community participation,
community resilience,y
comparative analysis,
comparative study,
comparison,
compatibility,
compensation,
competence,
competency,
competition,
complement,
complex challenge,
complexity,
component,
composition,
compound,
comprehensive approach,
comprehensive assessment,
comprehensive framework,
comprehensive literature review,
comprehensive overview,
comprehensive review,
comprehensive set,
concentration,
concept,
conception,
conceptual framework,
conceptual model,
conceptualisation,
conceptualization,
concern,
conclusion,
condition,
confidence,
configuration,
conflict,
connectedness,y
connection,y
connectivity,y
consensus,
consent,
consequence,
conservation,y
conservation approach,
conservation effort,
conservation management,
consideration,
constraint,
constructed wetlands,y
construction,
consultation,
consumer,
contact,
contaminant,y
contaminated soil,y
contamination,y
content,
content analysis,
context,
contextual factor,
continent,
contrary,
contrast,
contribution,
control,
control group,
controlled trial,
convention,
conventional approach,
convergence,
conversion,
cooling effect,y
cooperation,
coordination,
copenhagen,y
copper,y
coral reef,y
core,
cornerstone,
correlation,
cortisol,y
cost,
cost benefit analysis,
cost effective solution,
cost effectiveness,
costa rica,y
country,
coupling,
course,
cover,
cover crop,
coverage,
covid,
crd,
creation,
creativecommons org license,
creativity,y
credibility,
crime,
crisis,
criterium,
critical analysis,
critical consideration,
critical evaluation,
critical review,
critical role,
critical velocity,
critique,
croatia,y
crop,y
cropland,y
cross,
cross sectional study,
crucial role,
csp,
cug,
cultivation,
cultural ecosystem service,y
cultural heritage,y
cultural humility,y
cultural service,y
cultural value,y
culture,
curiosity,
current challenge,
current condition,
current knowledge,
current literature,
current practice,
current research,
current situation,
current state,
current status,
current study,
current understanding,
curve,
customer,
cws,
cyanobacteria,y
cyanotoxin,y
cycle,
cyp,
czech republic,
daily life,
dam,
damage,
danger,
data,
data analysis,
data collection,
data source,
database,
dataset,
date,
day,
debate,
debris,
decade,
december,
decision,
decision maker,
decision making,
decision making process,
decision support tool,
decline,
decrease,
deeper understanding,
defense,
deficit,
definition,
deforestation,y
degradation,y
degraded land,y
degree,y
degrees c,y
delhi,y
delivery,
delta,y
delta n,
demand,
dementia,y
demographic,
denmark,y
density,
dependence,
deployment,
deposition,
depression,y
depressive symptom,y
depth,
depth analysis,
depth interview,
depth understanding,
description,
descriptive statistic,
design,
design experiment,
design parameter,
design process,
design scenario,
design strategy,
designer,
designing,
desire,
destination,
detail,
detection,
detention basin,y
deterioration,
determinant,
developed country,y
developer,
development,
development process,
dhaka,y
diagnosis,
dialogue,
difference,
difficulty,
diffuse pollution,
digital placemaking,
digital twin,
dike,
dilemma,
dimension,
direction,
director,
disability,
disadvantage,
disaster,y
disaster risk,y
disaster risk reduction,y
discharge,y
discipline,
discourse,
discrete choice experiment,
discussion,
disease,
disorder,y
disparity,
disruption,y
dissemination,
disservice,y
distance,
distribution,
district,
disturbance,y
diverse community,y
diverse range,y
diversification,y
diversity,y
document,
document analysis,
domain,
domestic garden,y
domestic wastewater,y
domestic wastewater treatment,y
dominance,
drainage,
driver,
drought,y
drought management,y
drought mitigation,y
drought risk,y
drr,
drug,
dry period,y
dry season,y
dryland,y
dsas,
dune,
duration,
dynamic,
dynamic cobble berm revetment,
dynamic interaction,
early childhood education,
early stage,
earth,
ease,
east africa,y
eba,
ece,
eco,
eco engineering,
ecohydrology,y
ecological benefit,y
ecological challenge,
ecological condition,
ecological connectivity,y
ecological conservation,y
ecological context,
ecological degradation,
ecological dynamic,
ecological engineering,
ecological enhancement,y
ecological function,y
ecological impact,y
ecological indicator,
ecological infrastructure,y
ecological integrity,y
ecological network,y
ecological outcome,y
ecological perspective,
ecological principle,
ecological process,y
ecological protection,y
ecological resilience,y
ecological restoration,y
ecological security pattern,y
ecological sustainability,y
ecological system,
ecological value,
ecologist,
ecology,
economic,y
economic activity,y
economic analysis,y
economic assessment,
economic benefit,y
economic challenge,
economic cost,
economic development,y
economic dimension,
economic evaluation,
economic feasibility,
economic impact,y
economic indicator,
economic loss,
economic valuation,
economic value,
economic viability,
economy,
ecosystem,
ecosystem approach,
ecosystem function,y
ecosystem health,y
ecosystem resilience,y
ecosystem restoration,y
ecosystem service,
ecosystem service assessment,
ecosystem service benefit,y
ecosystem service provision,
ecosystem services,
ecotherapy,y
ecotourism,y
ecuador,y
edible city,
editorial,
education,
effect,
effect size,
effective approach,
effective implementation,
effective intervention,
effective method,
effective nature,
effective resistance,
effective solution,
effective strategy,
effective tool,
effective use,
effective way,
effectiveness,
efficacy,
efficiency,
effluent,
effort,
ego depletion,
egypt,y
eichhornia crassipe,
element,
elevation,y
eligibility criterium,
elsevier bv,
elsevier ltd,
embase,
emergence,
emission,
emotion,
emotional health,y
emotional wellbeing,y
empathy,y
emphasis,y
empirical analysis,
empirical evidence,
empirical research,
empirical result,
empirical study,
employee,y
employment,y
empowerment,
enabler,
end,
energy,y
energy consumption,y
energy demand,
energy efficiency,y
energy saving,y
engagement,
engineer,
engineering,
engineering solution,
england,y
english,
enhancement,y
enjoyment,y
enrofloxacin,y
enterprise,
envi,
environment,y
environmental,y
environmental awareness,y
environmental behavior,y
environmental benefit,y
environmental challenge,
environmental change,y
environmental condition,
environmental conservation,y
environmental degradation,y
environmental education,y
environmental engagement,
environmental exposure,y
environmental factor,y
environmental health,y
environmental impact,y
environmental inequality,
environmental injustice,
environmental issue,
environmental justice,y
environmental knowledge,
environmental management,y
environmental policy,
environmental problem,y
environmental protection,y
environmental psychology,y
environmental quality,y
environmental risk,y
environmental stewardship,
environmental stressor,y
environmental sustainability,y
environmental variable,
equity,
equivalent,
era,
ergonomic,
erosion,y
erosion control,y
erosion process,y
erosion resistance,y
ess,
essential component,
essential role,
establishment,
estimate,
estimation,
estrogen,y
estuarine ecosystem,y
estuarine shoreline,y
estuary,y
etc,
ethiopia,y
eu horizon,
eu policy,
eur,
europe,y
european city,y
european commission,
european country,y
european union,y
evaluation,
evaluation framework,
evaporation,y
evapotranspiration,y
event,
everyday life,
everyday occupation,
evidence,
evidence base,
evidence cluster,
evolution,
examination,
example,
exchange,
exclusion,
exercise,
exhibition hall,
existence,
expansion,
expectation,
expense,
experience,
experiment,
experimental assessment,
experimental design,
experimental evidence,
experimental group,
experimental study,
experimentation,
expert,
expert interview,
expertise,
exploration,
exploratory study,
exposure,
extension,
extensive green roof,y
extent,
extreme,y
extreme event,y
extreme flood event,y
extreme rainfall,y
extreme rainfall event,y
extreme weather,y
extreme weather event,y
face,
facilitation,
facilitator,
facility,
fact,
factor,
failure,
family,
farm,
farmer,
farmland,
fate,
fatigue,
fauna,y
favour,
fear,
feasibility,
feasibility study,
feature,
february,
feedback,
feeling,
female,
fence,
fertilizer,y
field,
field experiment,
field measurement,
field study,
field survey,
filter,
finance,
financial barrier,
financial resource,
financing,
finding,
findings,
findings highlight,
finland,
fire,
first step,
first time,
fishery,
flanders,
flash flood,y
flexibility,
flexible vegetation,
flood,y
flood adaptation,y
flood control,y
flood damage,y
flood defense,y
flood event,y
flood hazard,y
flood management,y
flood mitigation,y
flood peak,y
flood prevention,y
flood prone area,
flood protection,y
flood reduction,y
flood resilience,y
flood risk,y
flood risk management,y
flood risk mitigation,y
flood risk reduction,y
floodable park,y
flooding,y
floodplain,y
floodplain restoration,y
floodplain wetland,y
florence,y
florida,y
flow,y
flow velocity,y
flux,
focus,
focus group,
focus group discussion,
fold,
food,
food availability,
food production,y
food security,
food system,
force,y
foredune,y
forefront,y
foreshore,y
forest,y
forest canopy,y
forest carbon,y
forest conservation,y
forest ecosystem,y
forest management,
forest restoration,y
forest therapy,y
forestry,
form,
formation,
formulation,
foundation,
fragmentation,y
frame,
framework,
framing,
france,y
free plain language summary,
freedom,
frequency,
frm,
front,
full potential,
full scale,
full text,
full text screening,
function,
functional trait,
functionality,
functioning,
funding,
further analysis,
further investigation,
further research,
future,
future climate,
future climate condition,
future climate scenario,
future development,
future direction,
future perspective,
future projection,
future research,
future resilience,
future risk,
future scenario,
future study,
future work,
fuzzy cognitive map,
gabion,y
game,y
gap,
gap formation,
garden,y
garden therapy,y
gardener,
gardening,
gardening triad,
gbi,
genai,
gender,
general population,
generation,
generation z,
genoa,y
gentrification,
geodesign,
geographic location,
geography,
geomorphic recovery,y
germany,y
ghana,y
ghg,y
ghg emission,y
gi intervention,
gis,
global challenge,
global change,
global climate change,
global dataset,
global interest,
global north,
global perspective,
global scale,
global south,
global standard,
global warming,y
globally,
globe,
goal,
gohws,
good,
good practice,
google scholar,
governance,
governance model,
governance structure,
government,
government policy,
grass,y
grassland,y
gray infrastructure,y
grazing exclusion,y
great potential,
great wall,
greater emphasis,y
greater resilience,y
greece,y
green,y
green area,y
green area indicator,
green blue infrastructure,
green care,y
green colonialism,
green exercise,
green facade,y
green gentrification,y
green infrastructure,y
green infrastructure network,y
green infrastructure planning,y
green infrastructures,
green intervention,
green prescribing,
green roof,y
green roofs,y
green social prescribing,
green social prescription,
green solution,
green space,y
green spaces,y
green stormwater infrastructure,y
green technology,
green wall,y
greener,
greenery,
greenfile,
greenhouse gas,y
greenhouse gas emission,y
greenhouse gase,y
greening,
greenness,
greenspace,
grey,y
grey infrastructure,y
grey literature,
grey solution,y
greywater,y
greywater treatment,y
ground,y
groundwater,y
groundwater level,y
group,
growth,
groyne,
gsi,
guangzhou,y
guidance,
guide,
guideline,
guinea,y
gulf,y
gwp,
habit,
habitat,y
habitat quality,y
habitat restoration,y
habitat type,y
half,
hand,
happiness,y
hard structure,
harm,y
harness,y
hay transfer,y
hazard,y
hazard mitigation,y
hcw,
health,y
health benefit,y
health effect,y
health inequality,y
health intervention,
health outcome,y
health problem,y
health risk,y
healthcare,y
healthcare facility,
healthcare professional,
healthcare setting,
healthcare worker,
heart,y
heart rate variability,y
heat,y
heat mitigation,y
heat stress,y
heat vulnerability,y
heat wave,y
heatwave,y
heavy metal,y
heavy rainfall,y
hec hms,
hectare,
height,
help,
herder,
heritage city,
heterogeneity,
hierarchy,
high cost,
high level,
high risk,
high spatial resolution,
high tide,
higher level,
higher risk,
highlight,
himalayas,y
history,
hmh,
hmr,
holistic approach,
home,
home garden,y
hope,
horizon,
horizontal levee,
horizontal subsurface flow,y
horticultural therapy,y
horticulture,y
hospital,y
hospitality,y
hotel,
hotel employee,
hotspot,
hour,
household,
hrqol,
hrv,
http,
human,
human activity,
human health,y
human intervention,y
human nature relationship,
human population,
human settlement,
human society,
human thermal comfort,y
human well,y
human wellbeing,y
humanity,
humidity,y
hundred,
hungary,y
hurricane,y
hwb,
hybrid,
hybrid solution,
hydraulic engineering,y
hydraulic performance,y
hydraulic residence time,y
hydraulic risk,y
hydro meteorological hazard,y
hydro meteorological risk,y
hydro meteorological risk reduction,y
hydrocarbon,y
hydrodynamic model,
hydrodynamics,
hydrologic,y
hydrological connectivity,y
hydrological impact,y
hydrological model,
hydrological performance,y
hydrological response,y
hydrology,y
hydrometeorological hazard,y
hypothesis,
i e,
icas,
icebb,
idea,
identification,
identifying,
identity,
iii,
ilk,
illness,y
image,
immigrant,
impact,
impervious surface,y
implementation,
implementation process,
implementing nature,
implication,
importance,
important insight,
important part,
important role,
important tool,
improvement,
incentive,
inception,
included study,
inclusion,
inclusion criterium,
inclusiveness,
inclusivity,
income,
incorporating nature,
incorporation,
increase,
index,
india,
indicator,
indigenous community,y
indigenous knowledge,y
indigenous knowledge system,
indigenous people,y
indigenous person,y
individual,
indonesia,y
indoor,
industrial area,
industrialization,
industry,
inequality,y
inequity,y
infiltration,y
infiltration basin,y
infiltration rate,y
infiltration trench,y
influence,
influencing factor,
informal settlement,
information,
infrastructure,
inhabitant,
initiative,
inlet,
innovation,
innovative approach,
innovative method,
innovative nature,
innovative solution,
inoculation,y
inorganic fertilization,y
input,
insect,y
insight,
inspiration,
installation,
instance,
institution,
institutional context,
institutional readiness,
institutional setting,
instrument,
integral part,
integrated approach,
integrated assessment,
integrated framework,
integrated nature,
integrated planning,
integrated solution,
integrated valuation,
integrated way,
integrating,
integrating nature,
integration,
integrity,
intensification,
intensity,
intent,
intention,
inter,
interaction,y
interconnectedness,y
interconnection,
interdisciplinary approach,
interdisciplinary collaboration,
interest,
interface,
intergovernmental panel,
intermediary,
international union,
interplay,
interpretation,
interpretative phenomenological analysis,
interrelationship,
intersection,
intervention,
intervention group,
intervention study,
intervention type,
interview,
interview data,
interviewee,
introduction,
inundation,y
invasion,y
invasive species,y
inventory,
invest,
investigation,
investment,
investor,
involvement,
ipcc,
iplc,
iran,y
ireland,y
iron,y
irrigation,y
island,y
islands,y
isolation,y
issue,
italian case study,
italy,y
item,
iucn,
iucn global standard,
iucn standard,
jamaica,y
january,
japan,y
jordan,y
journal,
journal blog,
july,
june,
just nature,
justice,y
karachi,y
kelp,
kenya,y
key,
key area,
key aspect,
key barrier,
key challenge,
key characteristic,
key component,
key consideration,
key constraint,
key determinant,
key driver,
key element,
key factor,
key feature,
key finding,
key opportunity,
key parameter,
key role,
key stakeholder,
key strategy,
keyword,
keyword analysis,
kind,
km2,
knowledge,
knowledge base,
knowledge co production,
knowledge gap,
knowledge system,
kochi,y
korea,y
kpis,
lab,
labor,
laboratory,
laboratory study,
labs,
lack,
lagoon,
lake,
land,
land area,
land cover,
land cover change,
land degradation,y
land management,
land manager,
land protection,y
land reclamation,y
land restoration,y
land surface temperature,y
land use,
land use change,
land use planning,
landfill,y
landscape,
landscape approach,
landscape architecture,
landscape connectivity,y
landscape design,
landscape planning,
landscape scale,
landslide,y
large area,
large number,
large scale,
large scale nature,
large scale nbs,
large spatial scale,
larger scale,
last decade,
latin america,y
law,
lawn,
lca,
lead,y
leafe,y
leakage,y
learning,
legacy,
legislation,
legitimacy,
leipzig,y
length,
lens,
lesson,
levee,
level,
lever,
leverage,
lgw,
lid technology,
life,
life cycle assessment,
life cycle cost,
life satisfaction,
light,
likelihood,
limit,
limitation,
limited access,
limited number,
limited understanding,
line,
link,
linkage,
links,
lisbon,y
literature,
literature review,
literature search,
litter trap,
livability,
livelihood,
livestock,
living,
ljubljana,y
load,
local,
local actor,
local authority,
local community,
local condition,
local context,
local economy,
local government,
local knowledge,
local level,
local need,
local person,
local policy,
local resident,
local scale,
local stakeholder,
location,
lockdown,
loess plateau,
logjam,
loid,
london,y
loneliness,y
long history,
long term,
long term effect,
long term effectiveness,
long term efficacy,
long term impact,
long term success,
long term sustainability,
longevity,
loss,
louisiana,y
low cost,
low impact development,y
low income youth,
low tech,
lower level,
loyalty,
lucca,y
machine,
machine learning,
macroalgae,y
macroinvertebrate community,y
macrophyte,y
madrid,y
magnitude,
main barrier,
main driver,
main factor,
main finding,
main objective,
mainstream,
mainstream nature,
mainstreaming,
maintenance,
maintenance cost,
major challenge,
major city,
major concern,
majority,
maladaptation,y
malaysia,y
male,
mammal,y
man,
managed realignment,
management,
management decision,
management intervention,
management practice,
manager,
managing,
mangrofe,
mangrove,y
mangrove conservation,y
mangrove forest,y
mangrove functionality,y
mangrove restoration,y
manuscript,
map,
mapping,
margin,
marginal land,
marine,y
marine ecosystem,y
market,
marram grass,
marsh,
material,
matrix,
matter,
maximum,
may,
meadow,y
mean,
meaning,
means,
measure,
measurement,
measurement technique,
mechanism,
medicine,
mediterranean,y
mediterranean agroecosystem,y
mediterranean area,y
mediterranean city,y
mediterranean climate,y
mediterranean island,y
mediterranean region,y
mediterranean urban area,y
medium,
medline,
meeting,
megacity,
megaherbivore,
mekong delta,y
melbourne,y
member,
membrane,
mental disorder,y
mental distress,y
mental health,y
mental health care,y
mental health condition,y
mental health difficulty,y
mental health outcome,y
mental health perception,y
mental health problem,y
mental health service,y
mental health symptom,y
mental health value,y
mental ill health,y
mental illness,y
mental wellbeing,y
mercury,y
meta analysis,
metadata,
metal,
method,
methodological approach,
methodological framework,
methodology,
metric,
metropolitan area,y
metropolitan city,y
mexico,y
mg c,
mg l,
micro scale,y
microalgae,y
microbe,y
microbial activity,y
microbial community,y
microclimate,y
microorganism,y
microplastic,y
milan,y
million,
mimicking natural process,y
min,
mind,
mindfulness,
mindfulness intervention,
mindfulness practice,
mindfulness training,
mining,
mint,
minute,
mitigating climate change,y
mitigation,y
mitigation measure,y
mitigation potential,y
mitigation solution,y
mitigation strategy,y
mix,
mixed method approach,
mixed methods approach,
mixed methods design,
mixed plantation,
mmes,
mnbi,
mobility,
mode,
model,
model result,
modeling,
modeling approach,
modelling,
modelling approach,
modelling framework,
modification,
modified ecosystem,y
momentum,
monetary value,
money payment,
monitoring,
monoculture,
month,
mood,
morphology,y
mortality,y
moss,y
mother,
motivation,
mps,
msj,
mu m,
muddy coast,y
multi,
multi criteria analysis,
multi criteria decision analysis,
multi criteria evaluation,
multi functionality,
multifunctionality,
multilayer blue green roof,y
multiple benefit,
multiple challenge,
multiple co benefit,
multiple ecosystem service,
multiple function,
multiple health benefit,
multiple scale,
multiple stakeholder,
multiple type,
multisensory stimulation,
multispecies collaboration,
multispecies justice,
municipal level,
municipal wastewater,
municipality,
music,
mussel,y
mussel reef,y
mutual benefit,
namibia,y
narrative,
narrative review,
narrative synthesis,
natais,
nation,
national level,y
national park,y
national scale,y
native plant,
native seeding,y
native species,y
native vegetation,y
natura,
natural,
natural area,
natural capital,
natural climate solution,
natural disaster,y
natural dynamic,
natural ecosystem,
natural element,
natural environment,
natural feature,
natural flood management,y
natural forest,
natural habitat,
natural hazard,y
natural infrastructure,y
natural intervention,
natural landscape,
natural process,
natural resource,
natural setting,
natural solution,
natural space,
natural system,
natural wetland,
natural world,
nature,
nature based solution,
nature connectedness,y
nature connection,y
nature conservation,y
nature contact,
nature engagement,
nature experience,
nature exposure,
nature group,
nature interaction,
nature intervention,
nature prescribing,
nature prescription,
nature tech,
nbas,
nbcs,
nbi,
nbis,
nbm intervention,
nbr,
nbs,
nbs action,
nbs adoption,
nbs application,
nbs approach,
nbs benefit,
nbs case,
nbs case study,
nbs concept,
nbs contribution,
nbs design,
nbs effectiveness,
nbs framework,
nbs impact,
nbs implementation,
nbs initiative,
nbs installation,
nbs integration,
nbs intervention,
nbs knowledge,
nbs literature,
nbs measure,
nbs performance,
nbs planning,
nbs policy,
nbs practice,
nbs principle,
nbs project,
nbs research,
nbs scenario,
nbs strategy,
nbs study,
nbs system,
nbs type,
nbs uptake,
nbsp,
nbss,
nbt,
nbts,
ncp,
ncs,
ndvi,
necessity,
need,
negative effect,y
negative impact,y
neighborhood,y
neighborhood level,y
neighbourhood,y
nepal,y
net,
netherlands,y
network,
neurorehabilitation,
new approach,
new concept,
new framework,
new insight,
new jersey,y
new nature,y
new paradigm,
new perspective,
new solution,
new technology,
new way,
new york city,y
new zealand,y
next,
nexus,
nfm,
nfpp,
ngo,
nigeria,y
nitrate,y
nitrogen,y
nitrogen removal,y
nnbf,
nni,
no2,y
noise,y
nomenclature,
non,
norm,
north,
north america,y
north carolina,y
northern europe,y
northern italy,y
norway,y
notion,
nourishment,
novel,
novel approach,
novel concept,
novel ecosystem,
novel framework,
novel method,
novel nature,
novi sad,
nuanced understanding,
number,
numerical model,
numerical simulation,
nursing home,y
nutrient,y
nutrient cycling,y
nutrient management,y
nutrient removal,y
nutrients removal,y
nvivo,
oak,y
object,
objective,
observation,
obstacle,
occurrence,
ocean,
oceania,
october,
offer,
offset,
older adult,
older person,
olive grofe,
omw,
oncology context,
one,
online,
online survey,
ontario,
open access article,
open space,
openness,
operation,
operationalisation,
operationalization,
opinion,
opportunity,
optimal location,
optimal solution,
optimization,
optimization algorithm,
optimization problem,
option,
order,
organic carbon,y
organic matter,y
organisation,
organism,
organization,
origin,
oslo,y
outcome,
outcome measure,
outdoor,y
outdoor activity,y
outdoor education,y
outdoor environment,y
outdoor flume,y
outdoor nature,y
outdoor recreation,y
outdoor setting,y
outdoor thermal comfort,y
output,y
overall health,y
overland flow,y
overview,
ownership,
oxisol,y
oxygen,y
oyster reef,y
oyster shell,y
pace,
pain,
pakistan,y
panacea,y
pandemic,y
paper,
paper analysis,
paradigm,
paradigm shift,
parameter,
parcel,
paris,y
paris agreement,
park,
part,
participant,
participant observation,
participation,
participatory,
participatory approach,
participatory governance,
participatory process,
participatory workshop,
particle,
particular attention,
particular focus,
particulate matter,
partner,
partnership,
past,
past decade,
pasture,
path,
pathogen,
pathway,
pathways,
patient,
pattern,
pavement,
payment,
peak,y
peak discharge,y
peak flow,y
peat,y
peatland,y
peatland restoration,y
peer,
percentage,
perception,
perceptions,
perennial grain,
performance,
performance assessment,
performance evaluation,
peri,
peri urban area,y
peri urban forest,y
period,
permeable pavement,y
persistence,
person,
perspective,
peru,
pesticide,y
pet,
pfa,
pfd,
pgpb,
pharmaceutical,y
phase,
phe,
phenomena,
phenomenon,
philippine,y
phoenix,y
phosphate,y
phosphorus,y
photo,
phragmites australi,y
physical activity,y
physical health,y
physical performance,y
physiological equivalent temperature,y
physiological outcome,y
physiological response,y
phytoextraction,y
phytoremediation,y
pilot,
pilot project,
pilot scale,
pilot study,
pine,
pivotal role,
place,
placement,
plan,
planet,
planetary health,y
planned behaviour,
planner,
planning,
planning nature,
planning process,
plant,
plant biomass,y
plant community,y
plant diversity,y
plant ecology,y
plant growth,y
plant species,y
plant trait,y
plantation,
platform,
play,
playground,
plot,
pluvial flood,y
pluvial flooding,y
pm10,y
point,
poland,
policy,
policy framework,
policy implication,
policy instrument,
policy intervention,
policy maker,
policy recommendation,
policy solution,
policymaker,
polish city,y
politic,
pollination,y
pollination service,y
pollinator,y
pollutant,y
pollutant removal,y
pollution,y
pond,y
pondscape,y
popularity,
population,
population growth,
port,
portfolio,
portugal,y
position,
position statement,
positive change,y
positive correlation,y
positive effect,y
positive emotion,y
positive impact,
positive influence,
positive outcome,
possibility,
post,
post covid,
post intervention,
potential,
potential application,
potential area,
potential benefit,
potential co benefit,
potential contribution,
potential effect,
potential impact,
potential implication,
potential nature,
potential role,
potential solution,
potential synergy,
potentiality,
pound,
poverty,
power,
poznan,y
practical application,
practical implementation,
practical implication,
practical relevance,
practical solution,
practice,
practitioner,
practitioners perspective,
prague,y
pre,
precipitation,
precision,
predator,y
prediction,
preference,
preferred reporting item,
preliminary evidence,
preparation,
prerequisite,
presence,
present,
present paper,
present study,
present work,
preservation,
pressure,
prevalence,
prevention,
previous research,
previous study,
price,
primary outcome,
principle,
prioritization,
priority,
priority area,
prisma,
prisma methodology,
private land,
private sector,
pro,
pro environmental behavior,
probability,
problem,
procedure,
process,
product,
production,
productivity,
professional,
program,
programme,
progress,
project,
project design,
projection,
proliferation,
prominence,
promise,
promising alternative,
promising approach,
promising avenue,
promising opportunity,
promising strategy,
promotion,
proof,
propagation,
property,
proportion,
proposal,
proposed solution,
prospect,
protected area,y
protection,y
protection forest,y
protective effect,y
protective role,y
protocol,
prototype,
provision,
provisioning,
proximity,
proxy,
psychological,y
psychological benefit,y
psychological comfort,y
psychological distress,y
psychological engagement,y
psychological health,y
psychological wellbeing,y
psychopharmaceutical,y
psychotherapy,y
psycinfo,
ptsd,
public,y
public acceptance,y
public awareness,y
public building,y
public health,y
public health benefit,y
public participation,y
public perception,y
public policy,y
public preference,y
public space,y
public support,y
publication,
pubmed,
purification,y
purpose,
pursuit,
qualitative analysis,
qualitative content analysis,
qualitative data,
qualitative evaluation,
qualitative interview,
qualitative research,
qualitative study,
quality,
quality criterium,
quality framework,
quantification,
quantitative approach,
quantitative assessment,
quantitative data,
quantitative evaluation,
quantitative evidence,
quantitative study,
quantity,
question,
questionnaire,
questionnaire survey,
race,
raf,
rafs,
rain,
rain garden,y
rainfall,y
rainfall event,y
rainfall pattern,y
rainwater,y
rainwater harvesting,y
randomised controlled trial,
randomized controlled trial,
range,
rangeland,
rapid urbanization,
rate,
ratio,
rationale,
rcts,
reach,
realignment,
reality,
realization,
realm,
reason,
recent decade,
recent development,
recent literature,
recent study,
recent year,
reclamation,
recognition,
recommendation,
reconstruction,
record,
recovery,
recreation,
recreational activity,
recreational ecosystem service,
recreational value,
redd,
reduction,
reef,
reference,
reflection,
reforestation,y
regard,
regeneration,y
regenerative agriculture,y
regime,
region,
regional scale,y
regulation,
rehabilitation,
rejuvenation,
relatedness,
relation,
relational value,
relationship,
relative humidity,y
relative importance,
relaxation,
release,
relevance,
relevant article,
relevant study,
reliability,
reliance,
remediation,
remote sensing,
remote sensing data,
removal,
removal efficiency,
removal mechanism,
replicability,
replication,
report,
reporting,
repository,
representation,
republic,
requirement,
rescue,
research,
research agenda,
research area,
research community,
research design,
research gap,
research landscape,
research objective,
research paper,
research question,
research trend,
researcher,
resident,
residential building,
resilience,y
resilience mechanism,y
resilient,y
resilient city,y
resilient landscape,y
resistance,
resolution,
resource,
resource allocation,y
resource recovery,y
respect,
respondent,
response,
responsibility,
rest,
restoration,y
restoration intervention,y
restoration planning,y
restoration project,y
restorative effect,y
restorative environment,y
restriction,
result,
results highlight,
resuspension,y
retention,y
retention pond,y
retreat,
return,
reuse,
review,
review article,
review highlight,
reviewer,
revision,
rewilding,y
richness,y
right,
riparian forest,y
riparian vegetation,y
riparian zone,y
rise,
risk,
risk assessment,
risk assessment framework,
risk management,y
risk mitigation,y
risk reduction,y
river,y
river flow,y
river landscape,
river restoration,y
riverbank,y
road,
roadmap,
robustness,
rockfall,y
rockpool,y
role,
romania,
rome,
roof,
room,
root,y
root reinforcement,y
roots,y
round,
route,
rule,
rumination,
runoff,y
rural area,
rural community,
rural landscape,
rwanda,y
rwl,
sacred grofe,
safety,
salinity,y
salt,y
salt intrusion,y
salt intrusion length,y
salt marsh,y
salt marsh restoration,y
salt pan,y
saltmarsh,y
sample,
sand,y
sand engine,y
sandbar breakwater,y
sandy beach,y
sao paulo,y
sas,
satellite,
satisfaction,
scalability,
scale,
scaling,
scc,
scenario,
scenario analysis,
scheme,
scholar,
scholarship,
school,
school garden,
schoolyard,
science,
scientific evidence,
scientific literature,
scientific research,
scientific study,
scientist,
scope,
scoping review,
scopus,
scopus database,
score,
scotland,
sdg,
sdgs,
sea,
sea level,y
sea level rise,y
seagrass,y
seagrass ecosystem,y
seagrass meadow,y
seagrass restoration,y
search,
season,
seasonal variation,y
seawall,y
seaweed farming,y
secondary data,
secondary forest,y
secondary outcome,
section,
sector,
security,
sedentary lifestyle,y
sediment,y
sediment availability,y
sediment deposition,y
sediment dynamic,y
sediment transport,y
sedimentation,y
seed,y
seedling,y
selection,
self,
self efficacy,
self esteem,
self regulation,
sem,
semi,
semi arid region,y
sendai framework,
sense,
sensing,
sensitivity,
sensitivity analysis,
sensor,
seoul,y
september,
sequestration,y
serbia,y
series,
service,
services,
session,
set,
setting,
severe stress,y
severity,
seville,y
sewer,
shade,y
shallow,
shallow landslide,y
shanghai,y
shape,
share,
shear strength,
shellfish reef,
shenzhen,y
shift,
shoot density,
shore,
shoreline,
shoreline change,
shoreline protection,y
short,
short term,
shortage,y
shortcoming,
shrub,y
sick leave,
side,
sierra nevada,y
sign,
significance,
significant attention,
significant barrier,
significant benefit,
significant challenge,
significant change,
significant difference,
significant effect,
significant factor,
significant impact,
significant improvement,
significant increase,
significant reduction,
significant role,
significant threat,
silvopasture,
similarity,
simulation,
simulation result,
singapore,y
sink,
site,
situation,
size,
skill,
sleep,
sloa,y
slope,y
slope stability,y
slovakia,y
slovenia,y
slr,
small community,
small number,
small scale,
small wetland,
smart city,
smart technology,
smd,
snow,
soc,
social,
social acceptability,
social acceptance,
social benefit,y
social capital,y
social co benefit,y
social cohesion,y
social connection,y
social cost,y
social development,
social dimension,y
social ecological resilience,y
social ecological system,
social ecological technological system,
social equity,y
social factor,
social group,
social health,y
social housing,y
social impact,y
social inclusion,
social innovation,y
social interaction,y
social intervention,y
social isolation,
social issue,
social justice,
social network analysis,
social outcome,y
social prescribing,
social prescription,
social relationship,y
social science,
social support,y
social value,y
social vulnerability,y
societal,y
societal benefit,y
societal challenge,y
societal need,
society,y
socio,
socio ecological system,y
socio economic benefit,y
socio economic factor,y
soft cap,
software,
soil,y
soil amendment,y
soil bioengineering,y
soil c,
soil carbon,y
soil carbon sequestration,y
soil carbon stock,y
soil conservation,y
soil erosion,y
soil fertility,y
soil health,y
soil management,
soil moisture,y
soil organic carbon,y
soil organic matter,y
soil property,y
soil quality,y
soil salinization,y
soil sealing,y
soil solution,y
soil temperature,y
solid,
solution,
solution approach,
solution implementation,
solution project,
solutions,
solutions implementation,
solutions project,
solutions scenario,
sound,
soundscape,
source,
south,
south africa,y
south asia,y
south korea,y
southeast asia,y
southern china,y
southern europe,y
southern italy,y
space,
spain,
spatial,
spatial allocation,
spatial analysis,
spatial configuration,
spatial distribution,
spatial heterogeneity,
spatial modelling,
spatial pattern,
spatial planning,
spatial resolution,
spatial scale,
spatial variability,
special focus,
special issue,
species,y
species diversity,y
species richness,y
species selection,y
specific challenge,
specific context,y
specific focus,y
specific location,y
specific objective,y
specificity,
spectrum,
spending time,
spider,y
sponge city,y
spread,
spring,
sri lanka,y
ssap,
stability,y
stage,
stakeholder,
stakeholder engagement,
stakeholder involvement,
stakeholder mapping,
stakeholder participation,
stakeholder perception,
stakeholder perspective,
stakeholder workshop,
stakeholders perception,
standard,
state,
statistical analysis,
status,
stay,
stem,
step,
stewardship,
sth,
stimulation,
stock,
stockholm,y
storage,
store,
storm,y
storm event,y
storm surge,y
stormwater,y
stormwater management,y
stormwater quality,y
stormwater runoff,y
strategic planning,
strategy,
stream,y
streamflow,y
street,y
street greening,y
street tree,y
strength,y
stress,y
stress level,y
stress reduction,y
stressor,y
structural equation modeling,
structure,
student,
study,
study area,
study protocol,
study region,
study site,
sub,
sub objective,
sub saharan africa,y
subject,
subset,
substrate,
success,
successful implementation,
successful integration,
sud,
suds,
suggestion,
suitability,
suitability assessment,
suitable area,
suite,
summary,
summer,
supply,
support,
surface,y
surface runoff,y
surface temperature,y
surface water,y
surge,
surgery,
survey,
survey data,
survival,
sustainability,
sustainability challenge,
sustainability goal,
sustainability transformation,
sustainability transition,
sustainable agriculture,
sustainable alternative,
sustainable approach,
sustainable city,
sustainable design,
sustainable development,
sustainable development goal,
sustainable development goals,
sustainable drainage system,
sustainable future,
sustainable land use,
sustainable management,
sustainable nature,
sustainable planning,
sustainable practice,
sustainable solution,
sustainable stormwater management,
sustainable strategy,
sustainable tourism,
sustainable urban development,
sustainable urban drainage system,
sustainable urban planning,
sustainable use,
sustainable water management,
swb,
swbe,
swbe structure,
swbe technique,
sweden,
symptom,
synergistic effect,
synergy,
synthesis,
system,
systematic analysis,
systematic literature review,
systematic map,
systematic map protocol,
systematic review,
systematic scoping review,
systematic search,
systems,
systems approach,
t co2,y
taiwan,y
tank,
tanzania,y
target,
target group,
task,
taxa,
taxonomy,
teacher,
technical knowledge,
technical solution,
technician,
technique,
technological development,
technological innovation,
technological solution,
technology,
temperature,y
temperature reduction,y
temporal,
temporal dynamic,
temporal scale,
temporal variability,y
temporal variation,y
tendency,
tenerife,
tension,
term,
terminology,
terrace,
terrain,
terrestrial ecosystem,y
territory,
tertiary treatment,
test,
text,
thailand,y
thank,
thematic analysis,
theme,
theoretical framework,
theoretical model,
theory,
therapeutic horticulture,y
therapeutic intervention,y
therapy,
thermal comfort,y
thermal resilience,y
thing,
thinking,
third,
threat,
threshold,
tianjin,y
tidal inlet,y
tidal marsh,y
tidal wetland,y
timber,y
timber production,y
time,
time contribution,
time payment,
time series,
timeframe,
title,
today,
tolerance,
tool,
tools,
top,
topic,
topography,
toronto,y
total,
total nitrogen,y
total phosphorus,y
tourism,y
tourism destination,y
tourist,y
town,
toxic element,y
trace,
traction,
trade,
trade off,
tradeoff,
tradition,
traditional approach,
traditional ecological knowledge,
traditional engineering solution,
traditional gray infrastructure,
traditional knowledge,
traffic reduction,
trail,
training,
trait,
transdisciplinary approach,
transdisciplinary research,
transferability,
transformation,
transformative adaptation,
transformative change,
transformative potential,
transition,
translation,
transparency,
transport,
transportation,
treatment,y
treatment performance,y
treatment system,y
treatment wetland,y
tree,y
tree canopy,y
tree cover,y
tree diversity,y
tree planting,y
tree species,y
trend,
trends,
trial,
tropic,
tropical,y
tropical climate,y
tropical cyclone,y
tropical forest,y
trust,
tss,
turbidity,y
turin,
turkiye,y
turn,
type,
typhoon,y
typology,
uav,
uer,
ues,
uf nbs,
uganda,y
ugi,
ugs,
uhi,
ulls,
umbrella concept,
unbs,
uncertainty,
understanding,
understory plant species diversity,
unequal distribution,
unintended consequence,
unit,
united kingdom,y
united nation,
united nations sustainable development goal,
united state,y
united states,y
university student,
unmanned aerial vehicle,
upscaling,
uptake,
urban,y
urban adaptation,y
urban afforestation,y
urban agenda,
urban agriculture,y
urban area,
urban areas,
urban biodiversity,y
urban blue infrastructure,y
urban canyon,
urban challenge,
urban climate,y
urban climate adaptation,y
urban climate change adaptation,y
urban context,
urban design,
urban development,
urban drainage,y
urban drought,y
urban ecosystem,y
urban ecosystem service,
urban environment,y
urban environments,y
urban expansion,y
urban fabric,
urban flood,y
urban flood management,y
urban flood mitigation,y
urban flood risk,y
urban flood risk management,y
urban flooding,y
urban forest,y
urban forest management,
urban forestry,y
urban garden,y
urban governance,
urban green,y
urban green area,y
urban green infrastructure,y
urban green space,y
urban green spaces,y
urban greening,y
urban greenspace,y
urban growth,
urban hazard, 
urban heat,y
urban heat island,y
urban heat island effect,y
urban heat island mitigation,y
urban heat islands,y
urban heat mitigation,y
urban infrastructure,
urban lake,y
urban landscape,y
urban living,
urban microclimate,y
urban morphology,
urban nature,y
urban nbs,
urban nbs trade off,
urban park,y
urban parks,y
urban plan,
urban planner,
urban planning,
urban policy,
urban population,
urban regeneration,y
urban resident,
urban resilience,y
urban river,y
urban runoff,y
urban scale,
urban setting,
urban soil,y
urban soil hydrology,y
urban space,
urban sprawl,
urban stormwater management,y
urban structure,
urban sustainability,
urban sustainability challenge,
urban sustainability goal,
urban system,
urban transformation,
urban transition,
urban tree,y
urban trees,y
urban vegetation,y
urban water challenge,y
urban water management,y
urbanisation,
urbanism,
urbanization,
urgency,
urgent need,
usa,y
usability,
usace,
usage,
usd,
use,
useful tool,
user,
utility,
utilization,
valencia,y
validation,
valuable information,
valuable insight,
valuation,
value,
value chain,
variability,
variable,
variance,
variation,
variety,
vegetated soil,y
vegetation,y
vegetation condition,y
vegetation cover,y
vegetation density,y
vegetative swale,y
vehicle,
velocity,
veneto region,
verification,
version,
vertical greening,y
veteran,
viability,
viable solution,
viable strategy,
vienna,y
viet nam,y
vietnam,y
view,
viewpoint,
vineyard,
virtual nature,
virtual reality,
vision,
visitor,
vital role,
vitality,
vmd,
voice,
vol,
volume,
volunteer,
vosviewer,
vr intervention,
vulnerability,
walk,
wall,
warming,y
waste,y
wastewater,y
wastewater treatment,y
wastewater treatment plant,y
water,y
water availability,y
water balance,y
water bioengineering,y
water body,y
water conservation,y
water cycle,y
water depth,y
water energy food nexus,y
water flow,y
water hyacinth,
water infrastructure,
water level,
water management,
water manager,
water pollution,y
water pollution control,y
water purification,y
water quality,y
water quality improvement,y
water resilience,
water resource,
water resources management,
water retention,y
water retention measure,
water reuse,y
water scarcity,y
water sector,
water security,y
water storage,y
water supply,y
water sustainability,y
water system,y
water temperature,y
water treatment,y
watershed,y
watershed management,y
watershed restoration,y
wave,y
wave action,y
wave attenuation,y
wave energy,y
wave height,y
wave transmission,y
way,
waypoint,
weakness,
weather condition,
web,
week,
week nature,
welfare,y
well,y
wellbeing,y
wellbeing benefit,y
wellbeing outcome,y
wellness,y
west africa,y
western europe,y
wetland,y
wetland ecosystem,y
wetland restoration,y
wetland system,y
wetlands,y
while,
whole,
wide range,
wide variety,
wider implementation,
widespread adoption,
wildfire,y
wildlife,y
wildman programme,
willingness,
willow,
wind,
winter,
woman,
wood,
woodchip,
woodland,
word,
work,
workplace,
workshop,
world,
worldwide,
wr wecc,
wsd,
wtp,
wuhan,y
wwsl,
wwtp,
year,
year period,
yield,
young adult,
young generation,
young person,
youth,
yuetang district,
zhengzhou,y
zimbabwe,y
zinc,y
zone,
